URL,Last crawled
https://stockiq.tech/stocks/SR.html,2026-03-07
https://stockiq.tech/stocks/TEAD.html,2026-03-07
https://stockiq.tech/stocks/TWO.html,2026-03-07
https://stockiq.tech/stocks/TITN.html,2026-03-07
https://stockiq.tech/stocks/TPL.html,2026-03-07
https://stockiq.tech/stocks/ARWR.html,2026-03-07
https://stockiq.tech/stocks/NUTX.html,2026-03-07
https://stockiq.tech/stocks/TDAY.html,2026-03-07
https://stockiq.tech/stocks/SGHC.html,2026-03-07
https://stockiq.tech/stocks/BH.html,2026-03-07
https://stockiq.tech/stocks/OZK.html,2026-03-07
https://stockiq.tech/stocks/KFY.html,2026-03-07
https://stockiq.tech/stocks/GFF.html,2026-03-07
https://stockiq.tech/stocks/CLPR.html,2026-03-07
https://stockiq.tech/stocks/UNM.html,2026-03-07
https://stockiq.tech/stocks/CMPR.html,2026-03-07
https://stockiq.tech/stocks/EFX.html,2026-03-07
https://stockiq.tech/stocks/CODI.html,2026-03-07
https://stockiq.tech/stocks/PAGS.html,2026-03-07
https://stockiq.tech/stocks/CECO.html,2026-03-07
https://stockiq.tech/stocks/AXS.html,2026-03-07
https://stockiq.tech/stocks/STNE.html,2026-03-07
https://stockiq.tech/stocks/CENTA.html,2026-03-07
https://stockiq.tech/stocks/SMTC.html,2026-03-07
https://stockiq.tech/stocks/RYI.html,2026-03-07
https://stockiq.tech/stocks/SNBR.html,2026-03-07
https://stockiq.tech/stocks/UHT.html,2026-03-07
https://stockiq.tech/stocks/MMSI.html,2026-03-07
https://stockiq.tech/stocks/FFBC.html,2026-03-07
https://stockiq.tech/stocks/BMBL.html,2026-03-07
https://stockiq.tech/stocks/FULT.html,2026-03-07
https://stockiq.tech/stocks/GVA.html,2026-03-07
https://stockiq.tech/stocks/CWBC.html,2026-03-07
https://stockiq.tech/stocks/KOS.html,2026-03-07
https://stockiq.tech/stocks/IVZ.html,2026-03-07
https://stockiq.tech/stocks/WBS.html,2026-03-07
https://stockiq.tech/stocks/SEVN.html,2026-03-07
https://stockiq.tech/stocks/PAHC.html,2026-03-07
https://stockiq.tech/signup.html,2026-03-07
https://stockiq.tech/stocks/FCF.html,2026-03-07
https://stockiq.tech/stocks/EPM.html,2026-03-07
https://stockiq.tech/stocks/MIDD.html,2026-03-07
https://stockiq.tech/stocks/LAMR.html,2026-03-07
https://stockiq.tech/stocks/BCPC.html,2026-03-07
https://stockiq.tech/blog.html,2026-03-07
https://stockiq.tech/stocks/TRC.html,2026-03-07
https://stockiq.tech/stocks/NEON.html,2026-03-07
https://stockiq.tech/stocks/IMAX.html,2026-03-07
https://stockiq.tech/stocks/QTRX.html,2026-03-07
https://stockiq.tech/stocks/BAX.html,2026-03-07
https://stockiq.tech/stocks/RYN.html,2026-03-07
https://stockiq.tech/stocks/TGLS.html,2026-03-07
https://stockiq.tech/stocks/ESAB.html,2026-03-07
https://stockiq.tech/stocks/MSFT.html,2026-03-07
https://stockiq.tech/stocks/ONTO.html,2026-03-07
https://stockiq.tech/stocks/OVV.html,2026-03-07
https://stockiq.tech/stocks/BSRR.html,2026-03-07
https://stockiq.tech/stocks/WTW.html,2026-03-07
https://stockiq.tech/stocks/ZVIA.html,2026-03-07
https://stockiq.tech/stocks/NFLX.html,2026-03-07
https://stockiq.tech/stocks/NEU.html,2026-03-07
https://stockiq.tech/stocks/ADC.html,2026-03-07
https://stockiq.tech/stocks/QSI.html,2026-03-07
https://stockiq.tech/stocks/ALMS.html,2026-03-07
https://stockiq.tech/index.html,2026-03-07
https://stockiq.tech/stocks/CEG.html,2026-03-07
https://stockiq.tech/stocks/LPG.html,2026-03-07
https://stockiq.tech/stocks/BCML.html,2026-03-07
https://stockiq.tech/stocks/8316.T.html,2026-03-07
https://stockiq.tech/stocks/PPTA.html,2026-03-07
https://stockiq.tech/stocks/CLVT.html,2026-03-07
https://stockiq.tech/stocks/LBRDK.html,2026-03-07
https://stockiq.tech/stocks/TLS.html,2026-03-07
https://stockiq.tech/stocks/NXT.AX.html,2026-03-07
https://stockiq.tech/stocks/0241.HK.html,2026-03-07
https://stockiq.tech/stocks/AZN.html,2026-03-07
https://stockiq.tech/stocks/DOUG.html,2026-03-07
https://stockiq.tech/stocks/UE.html,2026-03-07
https://stockiq.tech/stocks/FBRT.html,2026-03-07
https://stockiq.tech/stocks/MKSI.html,2026-03-07
https://stockiq.tech/stocks/3402.T.html,2026-03-07
https://stockiq.tech/stocks/LKE.AX.html,2026-03-07
https://stockiq.tech/stocks/NOVT.html,2026-03-07
https://stockiq.tech/stocks/1299.HK.html,2026-03-07
https://stockiq.tech/stocks/PUB.PA.html,2026-03-07
https://stockiq.tech/stocks/BCO.html,2026-03-07
https://stockiq.tech/stocks/RHLD.html,2026-03-07
https://stockiq.tech/stocks/CNXC.html,2026-03-07
https://stockiq.tech/stocks/MQG.AX.html,2026-03-07
https://stockiq.tech/stocks/ADP.html,2026-03-07
https://stockiq.tech/stocks/KNTK.html,2026-03-07
https://stockiq.tech/stocks/SNDK.html,2026-03-07
https://stockiq.tech/stocks/MRK.DE.html,2026-03-07
https://stockiq.tech/stocks/DEA.html,2026-03-07
https://stockiq.tech/stocks/ACHC.html,2026-03-07
https://stockiq.tech/stocks/GBCI.html,2026-03-07
https://stockiq.tech/stocks/QSR.TO.html,2026-03-07
https://stockiq.tech/stocks/ALD.AX.html,2026-03-07
https://stockiq.tech/stocks/VREX.html,2026-03-07
https://stockiq.tech/stocks/IRWD.html,2026-03-07
https://stockiq.tech/stocks/HIG.html,2026-03-07
https://stockiq.tech/stocks/INSG.html,2026-03-07
https://stockiq.tech/stocks/MKTX.html,2026-03-07
https://stockiq.tech/stocks/MQ.html,2026-03-07
https://stockiq.tech/stocks/APG.html,2026-03-07
https://stockiq.tech/stocks/NXT.html,2026-03-07
https://stockiq.tech/stocks/SRCE.html,2026-03-07
https://stockiq.tech/stocks/LOVE.html,2026-03-07
https://stockiq.tech/stocks/FLR.html,2026-03-07
https://stockiq.tech/stocks/NBR.html,2026-03-07
https://stockiq.tech/stocks/NUVB.html,2026-03-07
https://stockiq.tech/stocks/OSW.html,2026-03-07
https://stockiq.tech/stocks/SABR.html,2026-03-07
https://stockiq.tech/stocks/FLUT.html,2026-03-07
https://stockiq.tech/stocks/HAE.html,2026-03-07
https://stockiq.tech/stocks/VTEX.html,2026-03-07
https://stockiq.tech/stocks/GCT.html,2026-03-07
https://stockiq.tech/stocks/LILAK.html,2026-03-07
https://stockiq.tech/stocks/PGC.html,2026-03-07
https://stockiq.tech/stocks/GLNG.html,2026-03-07
https://stockiq.tech/stocks/PRKS.html,2026-03-07
https://stockiq.tech/stocks/SRE.html,2026-03-07
https://stockiq.tech/stocks/FRSH.html,2026-03-07
https://stockiq.tech/stocks/NVST.html,2026-03-07
https://stockiq.tech/stocks/UVV.html,2026-03-07
https://stockiq.tech/stocks/EPSN.html,2026-03-07
https://stockiq.tech/stocks/LILA.html,2026-03-07
https://stockiq.tech/stocks/RMBS.html,2026-03-07
https://stockiq.tech/stocks/IOT.html,2026-03-07
https://stockiq.tech/stocks/TRST.html,2026-03-07
https://stockiq.tech/stocks/AMWD.html,2026-03-07
https://stockiq.tech/stocks/WAT.html,2026-03-07
https://stockiq.tech/stocks/EFSC.html,2026-03-07
https://stockiq.tech/stocks/JBL.html,2026-03-07
https://stockiq.tech/stocks/LMNR.html,2026-03-07
https://stockiq.tech/data-deletion.html,2026-03-07
https://stockiq.tech/stocks/GLDD.html,2026-03-07
https://stockiq.tech/stocks/L.html,2026-03-07
https://stockiq.tech/stocks/GL.html,2026-03-07
https://stockiq.tech/stocks/FN.html,2026-03-07
https://stockiq.tech/stocks/FHTX.html,2026-03-07
https://stockiq.tech/stocks/PVH.html,2026-03-07
https://stockiq.tech/stocks/BFIN.html,2026-03-07
https://stockiq.tech/stocks/RITM.html,2026-03-07
https://stockiq.tech/stocks/SEZL.html,2026-03-07
https://stockiq.tech/stocks/BKSY.html,2026-03-07
https://stockiq.tech/stocks/TRMK.html,2026-03-07
https://stockiq.tech/stocks/FFWM.html,2026-03-07
https://stockiq.tech/stocks/UGI.html,2026-03-07
https://stockiq.tech/stocks/UEC.html,2026-03-07
https://stockiq.tech/stocks/MCS.html,2026-03-07
https://stockiq.tech/stocks/ONIT.html,2026-03-07
https://stockiq.tech/stocks/BEEP.html,2026-03-07
https://stockiq.tech/stocks/CCEP.html,2026-03-07
https://stockiq.tech/stocks/CDZI.html,2026-03-07
https://stockiq.tech/stocks/JEF.html,2026-03-07
https://stockiq.tech/stocks/TMP.html,2026-03-07
https://stockiq.tech/stocks/BBUC.html,2026-03-07
https://stockiq.tech/stocks/MTUS.html,2026-03-07
https://stockiq.tech/stocks/AR.html,2026-03-07
https://stockiq.tech/stocks/ALLY.html,2026-03-07
https://stockiq.tech/stocks/KOP.html,2026-03-07
https://stockiq.tech/stocks/ADPT.html,2026-03-07
https://stockiq.tech/stocks/GNE.html,2026-03-07
https://stockiq.tech/stocks/MCHB.html,2026-03-07
https://stockiq.tech/stocks/HFWA.html,2026-03-07
https://stockiq.tech/stocks/BAH.html,2026-03-07
https://stockiq.tech/stocks/JOUT.html,2026-03-07
https://stockiq.tech/stocks/FIP.html,2026-03-07
https://stockiq.tech/stocks/GRC.html,2026-03-07
https://stockiq.tech/stocks/ZEUS.html,2026-03-07
https://stockiq.tech/stocks/RMR.html,2026-03-07
https://stockiq.tech/stocks/SPWR.html,2026-03-07
https://stockiq.tech/stocks/UPWK.html,2026-03-07
https://stockiq.tech/stocks/HEI.html,2026-03-07
https://stockiq.tech/stocks/CHCT.html,2026-03-07
https://stockiq.tech/stocks/KNF.html,2026-03-07
https://stockiq.tech/stocks/SKIN.html,2026-03-07
https://stockiq.tech/stocks/INDB.html,2026-03-07
https://stockiq.tech/stocks/ASH.html,2026-03-07
https://stockiq.tech/stocks/DMAC.html,2026-03-07
https://stockiq.tech/stocks/OSK.html,2026-03-07
https://stockiq.tech/stocks/DEC.html,2026-03-07
https://stockiq.tech/stocks/SMC.html,2026-03-07
https://stockiq.tech/stocks/XOMA.html,2026-03-07
https://stockiq.tech/stocks/PVTB.html,2026-03-07
https://stockiq.tech/stocks/V.html,2026-03-07
https://stockiq.tech/stocks/TSLA.html,2026-03-07
https://stockiq.tech/stocks/BHB.html,2026-03-07
https://stockiq.tech/stocks/MBI.html,2026-03-07
https://stockiq.tech/stocks/KAI.html,2026-03-07
https://stockiq.tech/stocks/HLIT.html,2026-03-07
https://stockiq.tech/stocks/THFF.html,2026-03-07
https://stockiq.tech/stocks/WLFC.html,2026-03-07
https://stockiq.tech/stocks/NJR.html,2026-03-07
https://stockiq.tech/stocks/BRSL.html,2026-03-07
https://stockiq.tech/stocks/ASB.html,2026-03-07
https://stockiq.tech/stocks/PPC.html,2026-03-07
https://stockiq.tech/stocks/MAN.html,2026-03-07
https://stockiq.tech/stocks/STRS.html,2026-03-07
https://stockiq.tech/stocks/APA.html,2026-03-06
https://stockiq.tech/stocks/CLDT.html,2026-03-06
https://stockiq.tech/stocks/WPC.html,2026-03-06
https://stockiq.tech/stocks/PFBC.html,2026-03-06
https://stockiq.tech/stocks/SMID.html,2026-03-06
https://stockiq.tech/stocks/CMCL.html,2026-03-06
https://stockiq.tech/stocks/AAL.html,2026-03-06
https://stockiq.tech/stocks/NVEC.html,2026-03-06
https://stockiq.tech/stocks/CENT.html,2026-03-06
https://stockiq.tech/stocks/AGI.html,2026-03-06
https://stockiq.tech/stocks/ANF.html,2026-03-06
https://stockiq.tech/stocks/LPLA.html,2026-03-06
https://stockiq.tech/stocks/RRC.html,2026-03-06
https://stockiq.tech/stocks/ASLE.html,2026-03-06
https://stockiq.tech/stocks/VCEL.html,2026-03-06
https://stockiq.tech/stocks/NHC.html,2026-03-06
https://stockiq.tech/stocks/ECVT.html,2026-03-06
https://stockiq.tech/stocks/KODK.html,2026-03-06
https://stockiq.tech/stocks/DAR.html,2026-03-06
https://stockiq.tech/stocks/FNB.html,2026-03-06
https://stockiq.tech/stocks/FLEX.html,2026-03-06
https://stockiq.tech/investment-research-tools.html,2026-03-05
https://stockiq.tech/,2026-03-05
https://stockiq.tech/technical-analysis-guide.html,2026-03-05
https://stockiq.tech/stock-analysis-guide.html,2026-03-05
https://stockiq.tech/faq.html,2026-03-05
https://stockiq.tech/stocks/VZ.html,2026-03-04
https://stockiq.tech/stocks/APD.html,2026-03-04
https://stockiq.tech/stock-screener-guide.html,2026-03-04
https://stockiq.tech/terms.html,2026-03-01
https://stockiq.tech/privacy-policy.html,2026-02-28
https://stockiq.tech/contact.html,2026-02-28
https://stockiq.tech/stocks/ROP.html,2026-02-27
https://stockiq.tech/stocks/CF.html,2026-02-27
https://stockiq.tech/stocks/HUBB.html,2026-02-27
https://stockiq.tech/support.html,2026-02-27
https://stockiq.tech/stocks/AFL.html,2026-02-27
https://stockiq.tech/stocks/BALL.html,2026-02-27
https://stockiq.tech/stocks/QCOM.html,2026-02-27
https://stockiq.tech/stocks/VTRS.html,2026-02-27
https://stockiq.tech/refunds.html,2026-02-27
https://stockiq.tech/stocks/GOOGL.html,2026-02-26
https://stockiq.tech/stocks/AAPL.html,2026-02-26